
{
  "info": {
    "name": "Securin Recipe API",
    "_postman_id": "12345-abcde",
    "description": "API collection for Securin Recipe Assignment",
    "schema": "https://schema.getpostman.com/json/collection/v2.1.0/collection.json"
  },
  "item": [
    {
      "name": "Get All Recipes",
      "request": {
        "method": "GET",
        "header": [],
        "url": {
          "raw": "http://localhost:5000/api/recipes?page=1&limit=10",
          "protocol": "http",
          "host": ["localhost"],
          "port": "5000",
          "path": ["api", "recipes"],
          "query": [
            {"key": "page", "value": "1"},
            {"key": "limit", "value": "10"}
          ]
        }
      }
    },
    {
      "name": "Filter Recipes",
      "request": {
        "method": "GET",
        "header": [],
        "url": {
          "raw": "http://localhost:5000/api/recipes/filter?cuisine=Italian&min_rating=4",
          "protocol": "http",
          "host": ["localhost"],
          "port": "5000",
          "path": ["api", "recipes", "filter"],
          "query": [
            {"key": "cuisine", "value": "Italian"},
            {"key": "min_rating", "value": "4"}
          ]
        }
      }
    }
  ]
}
